,Unnamed: 0,bar,idx,easting,northing,channel_width_dem,channel_width_water,channel_width_mean,bar_width,bar_height,distance,river,normalized_distance,normalized_width
0,0,2,2_6,-1054871.711303124,2548508.2740688,646.0,285.0,465.5,241.0,7.8325718172328695,0.0,Koyukuk River,0.0,0.8892355694227769
1,1,2,2_8,-1055686.0838486468,2548506.7452345127,722.0,356.0,539.0,381.0,6.876028329365022,814.3739805738376,Koyukuk River,1.0,1.110764430577223
2,2,3,3_7,-1056991.2777377057,2544764.9335304364,666.0,421.0,543.5,281.0,5.796052587818635,0.0,Koyukuk River,1.0,1.0
3,3,4,4_1,-1058763.308080994,2544852.6788736656,516.0,305.0,410.5,151.0,5.9834416578028735,0.0,Koyukuk River,0.0,1.0701754385964912
4,4,4,4_3,-1059788.3176996796,2544862.5773531226,531.0,285.0,408.0,191.0,6.826204885981071,1025.0574121938346,Koyukuk River,0.3162594144622564,1.0
5,5,4,4_4,-1061157.7905797611,2544367.623635295,611.0,346.0,478.5,281.0,9.078142722201314,2443.1178893317474,Koyukuk River,0.753771470701014,1.2140350877192982
6,6,4,4_9,-1060881.5835213386,2542399.4701042683,541.0,270.0,405.5,311.0,9.908665743008129,3241.191772699525,Koyukuk River,1.0,0.9473684210526315
7,7,4,4_11,-1059561.4064613837,2544874.0108507117,456.0,245.0,350.5,180.0,6.000938142402016,798.3834154247162,Koyukuk River,0.24632402875679224,0.8596491228070176
8,8,6,6_3,-1042403.0302586281,2537065.4380883067,611.0,451.0,531.0,281.0,8.709310540484314,0.0,Koyukuk River,0.0,1.1549295774647887
9,9,6,6_4,-1043223.8287836442,2537988.920334118,486.0,330.0,408.0,331.0,7.579798641657865,1235.5280964014278,Koyukuk River,1.0,0.8450704225352113
10,10,7,7_1,-1039567.2544646041,2529908.7637510817,807.0,356.0,581.5,220.0,8.191991267814023,0.0,Koyukuk River,0.0,0.7893569844789357
11,11,7,7_2,-1040406.4952456269,2529863.003396428,631.0,466.0,548.5,161.0,6.155451090560463,840.4874172703601,Koyukuk River,0.15469381633384877,1.033259423503326
12,12,7,7_4,-1041302.5659766664,2529611.9177178675,802.0,526.0,664.0,211.0,6.971757320188902,1760.517995173863,Koyukuk River,0.3240277508048131,1.1662971175166297
13,13,7,7_10,-1042450.1958800937,2526842.0375737613,792.0,536.0,664.0,571.0,11.253525240372523,4209.05697892145,Koyukuk River,0.7746874894934144,1.188470066518847
14,14,7,7_12,-1042099.4724345405,2525738.769646244,772.0,436.0,604.0,291.0,5.983773425967739,4878.624671118775,Koyukuk River,0.897923101914884,0.9667405764966741
15,15,7,7_16,-1040073.3289175472,2524499.151906296,606.0,411.0,508.5,241.0,8.339763324626208,5433.232156199975,Koyukuk River,1.0,0.9113082039911308
16,16,8,8_3,-1036004.3262172623,2520426.930044542,561.0,416.0,488.5,190.0,6.798791301805972,0.0,Koyukuk River,0.0,1.1063829787234043
17,17,8,8_4,-1036349.6481914788,2520703.0905402377,677.0,336.0,506.5,221.0,9.291606879803602,442.16725937098624,Koyukuk River,1.0,0.8936170212765957
18,18,9,9_0,-1036004.3262172623,2520426.930044542,561.0,416.0,488.5,200.0,7.064647678409285,0.0,Koyukuk River,0.0,1.0
19,19,9,9_2,-1036571.1662766784,2520962.0067413487,692.0,330.0,511.0,181.0,8.157698873431062,779.4964556842685,Koyukuk River,0.2497389196244931,0.7932692307692307
20,21,9,9_10,-1039123.5972642356,2520315.929942458,772.0,626.0,699.0,140.0,5.128041764230514,3121.245406428112,Koyukuk River,1.0,1.5048076923076923
21,22,10,10_3,-1034653.814678612,2512871.042132796,722.0,320.0,521.0,251.0,7.53738474856772,0.0,Koyukuk River,0.0,0.9248554913294798
22,23,10,10_4,-1034701.7964560441,2512126.3773336858,641.0,295.0,468.0,191.0,6.7834926507352415,746.2090283554077,Koyukuk River,0.3394463602420581,0.8526011560693642
23,24,10,10_6,-1034451.3886633985,2511426.763962646,727.0,341.0,534.0,251.0,7.91716184393168,1458.3949137344223,Koyukuk River,0.6634157809022071,0.9855491329479769
24,25,10,10_9,-1033126.7446670388,2511289.703110097,571.0,366.0,468.5,351.0,8.83224442799498,2198.3120626872783,Koyukuk River,1.0,1.0578034682080926
25,26,10,10_10,-1033991.7922354428,2511050.0302768103,762.0,471.0,616.5,311.0,5.753321162067339,1937.616550016945,Koyukuk River,0.8814110530096205,1.361271676300578
26,27,10,10_11,-1032893.672557883,2511797.8582770242,702.0,346.0,524.0,181.0,6.243924125182991,2061.510095404186,Koyukuk River,0.937769541638296,1.0
27,28,10,10_13,-1032490.2984765784,2512612.985764671,566.0,366.0,466.0,161.0,3.3280037323327134,2178.851864076961,Koyukuk River,0.9911476632728256,1.0578034682080926
28,29,11,11_3,-1031417.0808338851,2507850.0017835083,546.0,336.0,441.0,301.0,7.492115426557652,0.0,Koyukuk River,0.0,0.9118046132971506
29,30,11,11_6,-1031758.7521206676,2506678.0353251323,526.0,401.0,463.5,250.0,7.3752149156757145,1220.755769091449,Koyukuk River,1.0,1.0881953867028493
30,31,12,12_1,-1031005.5548348166,2503832.957836407,461.0,195.0,328.0,261.0,8.32255335045504,0.0,Koyukuk River,1.0,1.0
0,0,2,2_4,542778.0001648059,4515911.999861749,422.0,422.0,422.0,173.0,0.471919397511421,,Platte River,,0.8290766208251473
1,1,2,2_5,550380.0001161286,4515887.999633798,448.0,448.0,448.0,190.0,0.8433201086334509,,Platte River,,0.8801571709233792
2,2,2,2_13,426335.9998213994,4515788.999901641,699.0,699.0,699.0,242.0,0.8555933769263976,,Platte River,,1.3732809430255404
3,3,2,2_19,426389.99980622134,4515746.999850557,733.0,733.0,733.0,277.0,1.117674454434764,,Platte River,,1.4400785854616895
4,4,2,2_25,549999.0001687871,4515710.99987538,509.0,509.0,509.0,293.0,0.6676065839759829,,Platte River,,1.0
5,5,3,3_3,547002.0000722194,4515284.9998747315,543.0,543.0,543.0,276.0,0.5321243576118532,,Platte River,,1.105906313645621
6,6,3,3_7,549210.0001040362,4515308.999634019,552.0,552.0,552.0,241.0,0.6429199956222826,,Platte River,,1.124236252545825
7,7,3,3_11,546884.999968069,4515260.999826384,491.0,491.0,491.0,242.0,0.5961060914348545,,Platte River,,1.0
8,8,3,3_13,548910.0002018249,4515263.999632927,535.0,535.0,535.0,294.0,0.5049328570107057,,Platte River,,1.089613034623218
9,9,3,3_21,542046.0001756629,4515203.99990271,517.0,517.0,517.0,190.0,0.6289512980491053,,Platte River,,1.0529531568228105
10,10,3,3_26,548580.0000431393,4515206.99963466,535.0,535.0,535.0,190.0,0.5753401633556079,,Platte River,,1.089613034623218
11,11,3,3_28,548760.0001162847,4515221.99963391,491.0,491.0,491.0,225.0,0.5770684334813063,,Platte River,,1.0
12,12,3,3_31,546687.0001330887,4515182.9998104805,60.0,60.0,60.0,207.0,0.4840205356402844,,Platte River,,0.12219959266802444
13,13,3,3_33,547979.9999217605,4515188.999635639,535.0,535.0,535.0,207.0,0.4391782894395204,,Platte River,,1.089613034623218
14,14,3,3_38,548430.000104117,4515188.999634047,491.0,491.0,491.0,241.0,0.5054288585158444,,Platte River,,1.0
15,15,3,3_51,427502.9998265978,4515062.999918002,483.0,483.0,483.0,224.0,0.7446285011191742,,Platte River,,0.9837067209775967
16,16,3,3_52,541611.0001955671,4515053.999656985,448.0,448.0,448.0,225.0,0.5556883066874886,,Platte River,,0.9124236252545825
17,17,3,3_54,427529.9998274711,4515029.999923414,888.0,888.0,888.0,311.0,0.9870205532799112,,Platte River,,1.8085539714867618
18,18,3,3_55,541199.9998742649,4515005.9996356815,431.0,431.0,431.0,225.0,0.5766303868736189,,Platte River,,0.8778004073319755
19,19,3,3_56,541497.000116483,4515026.999677235,440.0,440.0,440.0,259.0,0.5064755235461298,,Platte River,,0.8961303462321792
20,20,3,3_60,540969.0000806558,4514990.999731083,491.0,491.0,491.0,121.0,0.4723804995138684,,Platte River,,1.0
21,21,3,3_64,545694.0001620717,4515005.999854482,690.0,690.0,690.0,293.0,0.4244393463028303,,Platte River,,1.4052953156822812
22,22,4,4_13,499080.0002785506,4500980.999636112,474.0,474.0,474.0,189.0,0.8582191814168691,,Platte River,,0.8389380530973451
23,23,4,4_25,489839.99978307396,4500959.999635953,604.0,604.0,604.0,155.0,0.3534051012127388,,Platte River,,1.0690265486725663
24,24,4,4_27,499593.0000678402,4500971.999679593,724.0,724.0,724.0,328.0,1.0194777291936488,,Platte River,,1.2814159292035399
25,25,4,4_31,498990.0002301338,4500950.9996362515,526.0,526.0,526.0,225.0,0.8625779848505579,,Platte River,,0.9309734513274336
26,26,11,11_0,643871.9997800721,4584383.999778637,647.0,647.0,647.0,362.0,1.3768012612017424,,Platte River,,0.9036312849162011
27,28,11,11_7,659796.000180891,4584323.999896984,621.0,621.0,621.0,208.0,0.8118208402481825,,Platte River,,0.86731843575419
28,30,11,11_18,644093.9998231729,4584233.999906581,655.0,655.0,655.0,276.0,1.4903298087500016,,Platte River,,0.914804469273743
29,32,11,11_27,644123.9998231746,4584203.999906583,690.0,690.0,690.0,311.0,1.594124286144449,,Platte River,,0.9636871508379888
30,34,11,11_34,659667.0001794954,4584182.999913647,655.0,655.0,655.0,259.0,0.8995095972912168,,Platte River,,0.914804469273743
31,36,11,11_41,659625.0001728928,4584134.999916236,699.0,699.0,699.0,328.0,1.0589833573871221,,Platte River,,0.9762569832402235
32,38,11,11_51,637319.9997262319,4584008.99963304,733.0,733.0,733.0,345.0,1.1705796880404442,,Platte River,,1.0237430167597765
33,40,11,11_56,644372.9998290334,4583972.9999230495,785.0,785.0,785.0,380.0,1.5721719239361227,,Platte River,,1.0963687150837989
34,42,11,11_62,644411.9998373843,4583921.999938183,958.0,958.0,958.0,414.0,1.6052362353949234,,Platte River,,1.3379888268156424
35,44,11,11_73,639807.0001764725,4583795.999877307,897.0,897.0,897.0,415.0,1.77528966150807,,Platte River,,1.2527932960893855
36,46,11,11_75,659277.0001748818,4583822.999876807,750.0,750.0,750.0,208.0,0.8441391705220105,,Platte River,,1.047486033519553
37,48,11,11_78,659241.0001716624,4583798.99986948,750.0,750.0,750.0,225.0,0.8449735518005091,,Platte River,,1.047486033519553
38,49,12,12_0,645125.9998309108,4583195.999857053,664.0,664.0,664.0,362.0,1.6111239471411123,,Platte River,,0.8601036269430051
39,50,12,12_1,650250.0000948686,4583180.999624278,897.0,897.0,897.0,242.0,1.2963929078267618,,Platte River,,1.1619170984455958
40,51,12,12_8,650190.0001577728,4583168.999622497,845.0,845.0,845.0,328.0,1.2701910958371616,,Platte River,,1.0945595854922279
41,52,12,12_12,656169.0001556356,4583120.999832951,552.0,552.0,552.0,277.0,1.7097666206704918,,Platte River,,0.7150259067357513
42,53,12,12_13,645248.9998267356,4583108.9998787865,897.0,897.0,897.0,380.0,1.3630624759172314,,Platte River,,1.1619170984455958
43,54,12,12_16,656151.0001556361,4583108.999832951,509.0,509.0,509.0,259.0,5.662996332646372,,Platte River,,0.6593264248704663
44,55,12,12_23,649860.0001960072,4583057.999621373,699.0,699.0,699.0,380.0,1.2734413489908578,,Platte River,,0.905440414507772
45,56,12,12_31,646410.00013431,4582961.999623113,949.0,949.0,949.0,328.0,1.331315735523091,,Platte River,,1.2292746113989637
46,57,13,13_2,651815.9998105676,4582601.999808163,966.0,966.0,966.0,207.0,0.7846585960024189,,Platte River,,1.0
47,58,14,14_5,649860.0001960072,4583057.999621373,699.0,699.0,699.0,380.0,1.2734413489908578,,Platte River,,0.9943100995732574
48,59,14,14_13,646410.00013431,4582961.999623113,949.0,949.0,949.0,328.0,1.331315735523091,,Platte River,,1.3499288762446657
49,60,14,14_23,646889.9998718773,4582940.999630174,845.0,845.0,845.0,277.0,1.4014215437226785,,Platte River,,1.20199146514936
50,61,14,14_32,655620.0001194155,4582916.999623481,440.0,440.0,440.0,328.0,1.3250969704024564,,Platte River,,0.6258890469416786
51,62,14,14_33,655710.0001067782,4582931.999623855,422.0,422.0,422.0,294.0,1.3296625826543989,,Platte River,,0.6002844950213371
52,63,14,14_36,649260.0001426443,4582889.9998093685,742.0,742.0,742.0,362.0,1.5415046405432251,,Platte River,,1.0554765291607398
53,64,14,14_44,654720.0000317881,4582856.999626022,699.0,699.0,699.0,207.0,4.0635365490821895,,Platte River,,0.9943100995732574
54,65,14,14_53,647099.999356559,4582829.999641098,794.0,794.0,794.0,277.0,1.3307545530559597,,Platte River,,1.1294452347083925
55,66,14,14_59,648780.0001075607,4582787.999624001,621.0,621.0,621.0,311.0,1.2408295358591812,,Platte River,,0.883357041251778
56,67,14,14_61,648960.0000699774,4582805.999625033,707.0,707.0,707.0,294.0,1.163427281256184,,Platte River,,1.0056899004267426
57,68,14,14_67,648369.0000772479,4582754.999722518,958.0,958.0,958.0,414.0,1.4037864756639762,,Platte River,,1.3627311522048364
58,69,14,14_69,648539.9999824935,4582769.9996274365,673.0,673.0,673.0,328.0,1.23644938744153,,Platte River,,0.957325746799431
59,70,14,14_72,651500.9998267419,4582760.999878999,681.0,681.0,681.0,345.0,1.2128548927128278,,Platte River,,0.968705547652916
60,71,14,14_85,647639.999810602,4582658.999631707,776.0,776.0,776.0,293.0,1.011090953670044,,Platte River,,1.1038406827880511
61,72,14,14_87,653715.0001524446,4582637.999756132,681.0,681.0,681.0,225.0,5.023966313780579,,Platte River,,0.968705547652916
62,73,14,14_93,647999.9999825585,4582589.999627456,699.0,699.0,699.0,328.0,1.6306203663466587,,Platte River,,0.9943100995732574
63,74,14,14_97,651872.9998240335,4582565.999886468,871.0,871.0,871.0,259.0,0.9025231270446132,,Platte River,,1.2389758179231865
64,75,14,14_98,653634.0000392565,4582610.999901717,768.0,768.0,768.0,225.0,4.950381036773778,,Platte River,,1.0924608819345663
65,76,14,14_99,653553.0000629219,4582574.999941699,863.0,863.0,863.0,345.0,1.4326584972609588,,Platte River,,1.2275960170697013
66,77,14,14_105,653397.000174829,4582442.999877033,880.0,880.0,880.0,345.0,1.1495842532060387,,Platte River,,1.2517780938833571
67,78,14,14_110,653226.0001632925,4582313.999848323,586.0,586.0,586.0,311.0,0.9568471301689732,,Platte River,,0.833570412517781
68,79,14,14_114,652208.9998356595,4582238.999841731,655.0,655.0,655.0,276.0,7.976502614667157,,Platte River,,0.9317211948790897
0,0,1,1_0,443039.67772205325,5007040.3962614285,124.0,23.0,73.5,14.0,2.1063532748783143,0.0,Powder River,0.0,0.8214285714285714
1,1,1,1_1,443859.68125326623,5007110.3865383575,89.0,33.0,61.0,16.0,2.1464679853723934,822.9850728089472,Powder River,1.0,1.1785714285714286
2,2,6,6_1,447959.6840713143,5010890.369686226,77.0,156.0,116.5,22.0,1.8576563976936085,0.0,Powder River,0.0,1.0032154340836013
3,3,6,6_2,447959.6841102445,5010880.369596583,85.0,155.0,120.0,20.0,1.6346009210742969,10.000089643598875,Powder River,1.0,0.9967845659163987
4,4,8,8_0,449339.6843546938,5011780.357555118,80.0,46.0,63.0,30.0,1.5861023034476205,0.0,Powder River,1.0,1.0
0,0,0,0_1,429474.0316625785,3671779.337562157,371.0,262.0,316.5,34.0,9.631990110062398,0.0,Red River,0.0,1.31
1,1,0,0_12,428928.6153571893,3671273.461031382,208.0,181.0,194.5,32.0,8.7761517858365,743.9018823562815,Red River,0.6178617380163889,0.905
2,2,0,0_15,428898.9143994592,3671052.1070634336,209.0,209.0,209.0,34.0,9.683787421628423,927.1591366162978,Red River,0.7700695066841609,1.045
3,3,0,0_20,428969.4545996335,3670686.1752862087,196.0,191.0,193.5,38.0,7.2917036215612105,1203.9940921807806,Red River,1.0,0.955
4,4,1,1_3,401271.9444823279,3714683.770763657,301.0,249.0,275.0,52.0,17.577519697873598,0.0,Red River,0.0,1.0506329113924051
5,5,1,1_5,401337.17183267797,3714551.5453477832,289.0,224.0,256.5,52.0,15.941980093846734,147.4386917898111,Red River,0.11785502231179025,0.9451476793248945
6,6,1,1_6,401380.59713130456,3714490.5415480514,299.0,208.0,253.5,64.0,12.937290202291994,221.68204233365176,Red River,0.177201396242728,0.8776371308016878
7,7,1,1_11,401628.4766636012,3714211.2401791145,297.0,263.0,280.0,50.0,13.974570200658498,591.9462387849072,Red River,0.47317184066466783,1.109704641350211
8,8,1,1_12,401682.52059965936,3714159.2629351723,297.0,233.0,265.0,24.0,16.397388954046328,666.0939950673361,Red River,0.53244180138497,0.9831223628691983
9,9,1,1_13,401736.82691570814,3714107.6176079856,290.0,198.0,244.0,18.0,18.55552813494546,740.3162403025324,Red River,0.5917713048011807,0.8354430379746836
10,10,1,1_14,401793.4585420432,3714058.913660329,241.0,271.0,256.0,18.0,19.004917924462728,813.8939206435266,Red River,0.6505855756887693,1.1434599156118144
11,11,1,1_16,401916.32464679854,3713973.652790923,240.0,237.0,238.5,56.0,13.586806460235836,958.9021491074776,Red River,0.766497808723064,1.0
12,12,1,1_20,402168.5109512072,3713811.295390895,223.0,279.0,251.0,24.0,10.707652465128255,1251.0174695801766,Red River,1.0,1.1772151898734178
13,13,2,2_1,405635.9423230674,3713799.8120374,294.0,220.0,257.0,22.0,17.915023951199945,0.0,Red River,0.0,1.0
14,14,2,2_4,405820.8640614936,3713927.828997388,266.0,167.0,216.5,26.0,16.522906690789412,224.90974053417386,Red River,0.23183034942967853,0.759090909090909
15,15,2,2_7,406000.6128621692,3714063.0313701765,292.0,249.0,270.5,20.0,16.768150950827632,449.7432814796857,Red River,0.4635821545632143,1.1318181818181818
16,16,2,2_8,406060.5657097686,3714108.046244271,274.0,242.0,258.0,30.0,16.86515523177527,524.7031034967183,Red River,0.5408485356906901,1.1
17,17,2,2_10,406182.99940938456,3714194.546304735,260.0,163.0,211.5,22.0,14.303716764434087,674.6010654440564,Red River,0.695358948687978,0.740909090909091
18,18,2,2_12,406307.622594809,3714277.7489895737,321.0,210.0,265.5,46.0,17.020535224635793,824.3652817167548,Red River,0.8497315005752365,0.9545454545454546
19,19,2,2_13,406372.7385733822,3714313.216238197,314.0,230.0,272.0,30.0,15.368824651425982,898.0270529744222,Red River,0.9256598891355324,1.0454545454545454
20,20,2,2_14,406441.9062277858,3714339.820600594,414.0,220.0,317.0,22.0,22.027387612826196,970.1479598657814,Red River,1.0,1.0
21,21,3,3_1,407851.1113293865,3714295.651009167,450.0,273.0,361.5,76.0,18.06085635984005,0.0,Red River,0.0,1.089820359281437
22,22,3,3_2,407920.5643142206,3714269.485706076,316.0,183.0,249.5,16.0,13.568373145559926,74.21819310801811,Red River,0.03976222324537479,0.7305389221556886
23,23,3,3_4,408048.16554787784,3714193.3953344687,345.0,245.0,295.0,20.0,14.7431521405059,222.00582882723032,Red River,0.11893910317589133,0.9780439121756487
24,24,3,3_5,408104.70761531714,3714145.778044475,335.0,268.0,301.5,82.0,14.323131011821392,294.57254078322563,Red River,0.15781654925946312,1.0698602794411178
25,25,3,3_6,408153.5055782641,3714090.356104373,326.0,247.0,286.5,18.0,14.755701731727248,365.497304625751,Red River,0.19581432548432393,0.9860279441117764
26,26,3,3_8,408225.4719760043,3713963.243832205,298.0,295.0,296.5,114.0,14.478918679333232,500.64001541232074,Red River,0.26821671647840184,1.1776447105788423
27,27,3,3_9,408238.94071675756,3713892.216125255,274.0,294.0,284.0,110.0,13.973560777874935,559.6171363224961,Red River,0.2998135709664493,1.1736526946107784
28,28,3,3_10,408241.38090289244,3713817.67844314,257.0,235.0,246.0,78.0,14.03292392883952,617.0641084029686,Red River,0.3305906518003909,0.93812375249501
29,29,3,3_12,408242.19007063814,3713667.72687536,304.0,234.0,269.0,30.0,4.0753244766233525,739.7508362118979,Red River,0.3963197790681922,0.9341317365269461
30,30,3,3_17,408220.6208661265,3713295.0329904323,219.0,198.0,208.5,52.0,12.496335770529337,1066.6647632496586,Red River,0.5714631503165187,0.7904191616766467
31,31,3,3_23,408085.8473827304,3712868.177348335,362.0,266.0,314.0,42.0,6.86104150790139,1446.645107519244,Red River,0.7750367303915819,1.06187624750499
32,32,3,3_30,407804.7656111322,3712429.676085909,230.0,254.0,242.0,36.0,18.558786856875997,1866.550385022832,Red River,1.0,1.0139720558882235
33,33,4,4_0,407325.56243517407,3711782.37806286,316.0,236.0,276.0,56.0,20.289310715412558,0.0,Red River,0.0,1.517684887459807
34,34,4,4_8,407616.1584198831,3711291.204385467,204.0,128.0,166.0,52.0,20.984210636105466,570.6992269952813,Red River,0.28645354326208744,0.8231511254019293
35,35,4,4_10,407737.92069959367,3711204.5417430173,164.0,89.0,126.5,54.0,1.9494466180648045,709.883195155839,Red River,0.3563147572938334,0.572347266881029
36,36,4,4_13,407931.4573052657,3711090.70695804,243.0,142.0,192.5,50.0,19.641245016235004,919.5202612483604,Red River,0.4615388009594255,0.9131832797427653
37,37,4,4_19,408357.2314516919,3710954.3661122494,388.0,184.0,286.0,30.0,5.6587730078534495,1322.8547728291737,Red River,0.6639862452472075,1.1832797427652733
38,38,4,4_22,408579.34146275866,3710956.849740168,207.0,169.0,188.0,36.0,16.314873499867257,1501.1525110986152,Red River,0.7534800038979793,1.0868167202572347
39,39,4,4_27,408899.3919238468,3711127.497153842,146.0,126.0,136.0,42.0,16.10605971132905,1704.6431487007405,Red River,0.8556189439990357,0.8102893890675241
40,40,4,4_29,409009.0495884304,3711229.72491495,229.0,69.0,149.0,16.0,17.89047647217216,1771.8788042849196,Red River,0.8893668288122679,0.4437299035369775
41,41,4,4_33,409193.7086416841,3711464.1920213136,164.0,100.0,132.0,22.0,17.672729305621377,1895.0494995996341,Red River,0.9511904312108861,0.6430868167202572
42,42,4,4_35,409263.0171191483,3711595.92846014,196.0,172.0,184.0,24.0,16.86433695826182,1946.4054322797642,Red River,0.9769677376936827,1.1061093247588425
43,43,4,4_36,409290.504678416,3711665.630854237,177.0,195.0,186.0,26.0,16.222910725807377,1968.4074603592549,Red River,0.9880113112683393,1.2540192926045015
44,44,4,4_37,409317.30648459814,3711735.636378935,178.0,187.0,182.5,26.0,14.739310051745367,1992.2924342155072,Red River,1.0,1.202572347266881
45,45,5,5_0,412109.14260870795,3712500.717913805,255.0,267.0,261.0,20.0,15.26997875601183,0.0,Red River,0.0,1.1171548117154813
46,46,5,5_5,412469.39802681655,3712442.3639235855,259.0,261.0,260.0,80.0,12.004044410274734,364.9508932050239,Red River,0.18378291977452374,1.0920502092050208
47,47,5,5_7,412617.9858499353,3712460.785124872,299.0,212.0,255.5,100.0,12.422357041062849,510.40775050421144,Red River,0.2570324622017375,0.8870292887029289
48,48,5,5_11,412897.4781862108,3712551.6138867317,0.0,239.0,119.5,46.0,7.960013436893207,789.9768242277083,Red River,0.39781858330515624,1.0
49,49,5,5_12,412953.6437219985,3712598.94350821,306.0,254.0,280.0,66.0,12.240217157626898,850.1943294007608,Red River,0.4281430711425482,1.0627615062761506
50,50,5,5_13,413001.63861756993,3712655.39702828,290.0,218.0,254.0,72.0,13.831419515912463,905.8006150855251,Red River,0.45614542907956834,0.9121338912133892
51,51,5,5_16,413102.4576600961,3712854.101902229,246.0,170.0,208.0,30.0,5.747460573114338,1054.3031037555338,Red River,0.5309286984719931,0.7112970711297071
52,52,5,5_23,413152.4631655346,3713354.0583317582,207.0,81.0,144.0,28.0,16.76510135175436,1347.8529790780747,Red River,0.6787553079986507,0.3389121338912134
53,53,5,5_25,413118.37387665076,3713499.980921646,154.0,107.0,130.5,28.0,13.01546874222333,1420.237413615431,Red River,0.7152068497627361,0.4476987447698745
54,54,5,5_30,413051.54690769385,3713868.723063548,248.0,215.0,231.5,36.0,8.216525112047124,1661.1935325152886,Red River,0.8365481586715905,0.899581589958159
55,55,5,5_31,413032.5149506904,3713940.703386445,405.0,220.0,312.5,40.0,7.041720212609441,1710.6065133023558,Red River,0.8614316760239044,0.9205020920502092
56,56,5,5_32,413006.4688673145,3714010.515419869,265.0,251.0,258.0,24.0,12.918064260166993,1756.3265424466115,Red River,0.8844554871852246,1.0502092050209204
57,57,5,5_33,412975.9632065312,3714078.9488661964,330.0,268.0,299.0,32.0,11.608623817569615,1800.608477125695,Red River,0.9067550989963259,1.1213389121338913
58,58,5,5_36,412879.9863703742,3714282.083633349,384.0,276.0,330.0,30.0,10.885517370375275,1940.9956032061225,Red River,0.9774516129936781,1.1548117154811715
59,59,5,5_37,412841.8571818646,3714346.3663086714,337.0,257.0,297.0,30.0,10.053979190716056,1985.77154858987,Red River,1.0,1.0753138075313808
60,60,6,6_6,414081.5770558672,3716394.2977495305,329.0,183.0,256.0,34.0,7.782335375367911,0.0,Red River,0.0,0.9656992084432717
61,61,6,6_12,414522.6430174785,3716340.090643577,184.0,189.0,186.5,28.0,14.400895555439387,444.384510112598,Red River,0.34048539368159714,0.9973614775725593
62,62,6,6_13,414593.5366803637,3716316.468984816,185.0,193.0,189.0,22.0,15.202272883128607,517.841649282455,Red River,0.39676792014192613,1.0184696569920844
63,63,6,6_14,414662.3914410488,3716287.6853440464,184.0,181.0,182.5,24.0,13.68597113732519,590.5180395525865,Red River,0.45245224034069537,0.9551451187335093
64,64,6,6_16,414796.2016637162,3716220.245830403,211.0,199.0,205.0,44.0,14.841495168065386,735.5150581023071,Red River,0.5635482975166087,1.050131926121372
65,65,6,6_20,415044.03882644325,3716054.493935768,72.0,190.0,131.0,28.0,6.8066177107636685,1020.6856968077745,Red River,0.7820447459222054,1.0026385224274406
66,66,6,6_21,415101.74852952047,3716006.6226758733,228.0,202.0,215.0,30.0,10.381786486762913,1091.348614509143,Red River,0.8361863525820427,1.0659630606860158
67,67,6,6_24,415272.4961463392,3715860.323750795,191.0,155.0,173.0,30.0,7.723828545890512,1305.1499957386175,Red River,1.0,0.8179419525065963
68,68,7,7_0,417681.03588275076,3717513.009879998,332.0,256.0,294.0,32.0,14.926256689635574,0.0,Red River,0.0,1.0578512396694215
69,69,7,7_1,417749.91623389226,3717540.640515423,319.0,247.0,283.0,40.0,14.586111007903988,74.21559665841819,Red River,0.06801393644979943,1.0206611570247934
70,70,7,7_2,417821.58134841936,3717561.212312224,304.0,242.0,273.0,34.0,12.443637917474215,148.58163544832811,Red River,0.1361657436711261,1.0
71,71,7,7_6,418115.39479143213,3717612.1754260263,262.0,156.0,209.0,98.0,15.487238153214689,445.5350346156701,Red River,0.4083048967453418,0.6446280991735537
72,72,7,7_7,418190.06070076436,3717610.2970249862,245.0,209.0,227.0,96.0,14.46886070354264,518.2384141818818,Red River,0.4749329811392585,0.8636363636363636
73,73,7,7_8,418264.0045882283,3717601.7909844937,236.0,185.0,210.5,70.0,14.158045729524135,589.6902543553239,Red River,0.5404141082282837,0.7644628099173554
74,74,7,7_9,418336.97962383396,3717586.406429485,245.0,185.0,215.0,54.0,14.359056308619268,660.0373057205397,Red River,0.6048827657128538,0.7644628099173554
75,75,7,7_10,418409.3929004872,3717567.0332803386,250.0,266.0,258.0,32.0,14.048203827200243,730.357770596204,Red River,0.6693270583483598,1.0991735537190082
76,76,7,7_15,418771.3444388046,3717469.3539358587,261.0,267.0,264.0,44.0,12.041381376750465,1091.1821978308249,Red River,1.0,1.103305785123967
77,77,8,8_2,419502.6363362879,3717457.25242336,399.0,244.0,321.5,18.0,2.208982746045686,0.0,Red River,0.0,1.3824362606232294
78,78,8,8_9,419888.3185495804,3717788.384476442,221.0,169.0,195.0,100.0,5.538736146522101,508.3298203218386,Red River,0.44891630382339803,0.9575070821529745
79,79,8,8_10,419929.8933687621,3717850.6039267583,360.0,155.0,257.5,76.0,11.671115821568232,580.7529397466262,Red River,0.5128746194361865,0.8781869688385269
80,80,8,8_18,420099.64927780075,3718419.4318575994,313.0,184.0,248.5,122.0,16.253761561983616,1132.348760765467,Red River,1.0,1.0424929178470255
81,81,9,9_0,424452.7148380154,3718976.6432513054,192.0,63.0,127.5,20.0,19.214872844820388,0.0,Red River,0.0,0.40384615384615385
82,82,9,9_1,424489.4382327546,3718911.2728251074,221.0,139.0,180.0,26.0,17.829775170013324,74.97933276897152,Red River,0.06875301937817144,0.8910256410256411
83,83,9,9_2,424526.161617226,3718845.9024211145,385.0,126.0,255.5,36.0,26.78829636368557,149.95864114960085,Red River,0.13750601639321824,0.8076923076923077
84,84,9,9_3,424562.3848020258,3718780.3795951833,304.0,43.0,173.5,38.0,4.000807730418076,224.82643020890154,Red River,0.20615675469540115,0.27564102564102566
85,85,9,9_8,424628.47720407526,3718417.80029102,513.0,182.0,347.5,62.0,11.001658000885534,585.8309172309141,Red River,0.5371832866106401,1.1666666666666667
86,86,9,9_9,424630.9758283504,3718343.08641362,406.0,157.0,281.5,46.0,12.728145270821411,658.157463874076,Red River,0.6035038082700613,1.0064102564102564
87,87,9,9_10,424628.38404187467,3718268.41172334,507.0,156.0,331.5,30.0,12.610985305232155,729.6927890481894,Red River,0.669098811803554,1.0
88,88,9,9_14,424600.61753566295,3717969.8468014463,510.0,210.0,360.0,26.0,6.5513568204377775,1017.6022304517808,Red River,0.9331001395423785,1.3461538461538463
89,89,9,9_15,424593.49130664405,3717895.206999351,505.0,236.0,370.5,26.0,11.42820933837184,1090.5605811513915,Red River,1.0,1.5128205128205128
90,90,10,10_2,423105.68686505954,3714819.5149224726,173.0,234.0,203.5,54.0,22.091103107210927,0.0,Red River,0.0,1.0
91,91,10,10_4,423059.17935422884,3714681.6542014335,0.0,235.0,117.5,34.0,3.9135777332089736,145.49407881111304,Red River,0.07821658854233099,1.0042735042735043
92,92,10,10_11,423305.8156857353,3714249.963020615,359.0,287.0,323.0,154.0,8.954608219327456,603.6894183062616,Red River,0.32453916492588825,1.2264957264957266
93,93,10,10_14,423487.2453171022,3714128.347854905,328.0,208.0,268.0,138.0,9.703689320272405,789.492728032037,Red River,0.4244257111371023,0.8888888888888888
94,94,10,10_17,423707.8754430136,3714095.8164196895,296.0,236.0,266.0,70.0,12.237735401631484,941.4725733386999,Red River,0.5061290019116435,1.0085470085470085
95,95,10,10_18,423782.3467653828,3714087.10610152,278.0,235.0,256.5,64.0,15.874308836834535,997.1415655336415,Red River,0.5360562586952741,1.0042735042735043
96,96,10,10_21,424006.22682081437,3714079.546154397,240.0,208.0,224.0,64.0,10.533977674525783,1165.5582309083406,Red River,0.6265958677771395,0.8888888888888888
97,97,10,10_25,424305.48458350776,3714099.400622691,0.0,182.0,91.0,52.0,3.292376627640227,1399.3138211078729,Red River,0.7522612210857308,0.7777777777777778
98,98,10,10_32,424829.7122838135,3714121.037866245,286.0,209.0,247.5,20.0,14.193957559816294,1860.1435005359679,Red River,1.0,0.8931623931623932
99,99,11,11_7,426189.75604106643,3713590.588046589,299.0,219.0,259.0,26.0,20.24553683448176,0.0,Red River,0.0,1.1556728232189974
100,100,11,11_8,426208.8468075895,3713518.10695826,228.0,187.0,207.5,44.0,1.7414035010224862,74.95308887438158,Red River,0.05168695786303167,0.9868073878627969
101,101,11,11_9,426221.07752252393,3713445.378611898,223.0,182.0,202.5,20.0,20.867937705590844,148.54903272636693,Red River,0.1024380410524501,0.9604221635883905
102,102,11,11_12,426196.2460541845,3713224.975989634,189.0,160.0,174.5,28.0,17.328177933958195,365.66965482654734,Red River,0.2521624168482947,0.8443271767810027
103,103,11,11_17,426103.3235695272,3712864.178717643,290.0,129.0,209.5,52.0,1.891386653823455,731.5333794954491,Red River,0.5044586624675568,0.6807387862796834
104,104,11,11_24,425870.12998082227,3712394.9386295374,406.0,192.0,299.0,46.0,3.719138945020936,1237.6341732850572,Red River,0.8534610958014449,1.0131926121372032
105,105,11,11_25,425827.45358264906,3712333.459058887,314.0,247.0,280.5,46.0,14.063733803441085,1308.2952125174631,Red River,0.9021882958703363,1.3034300791556728
106,106,11,11_27,425739.1991620647,3712212.222614423,347.0,240.0,293.5,26.0,12.442976755136511,1450.135430160239,Red River,1.0,1.266490765171504
107,107,12,12_2,425247.8908606299,3711400.2287465236,430.0,261.0,345.5,22.0,2.3745765853289336,0.0,Red River,0.0,1.0275590551181102
108,108,12,12_3,425256.9045653874,3711326.373354314,354.0,237.0,295.5,42.0,3.426660984723225,74.40339933031875,Red River,0.04785420999745077,0.9330708661417323
109,109,12,12_5,425297.0550810085,3711183.770045622,441.0,260.0,350.5,30.0,53.13480564147501,221.971821998975,Red River,0.14276614078205457,1.0236220472440944
110,110,12,12_8,425421.6621385642,3710999.617772866,160.0,255.0,207.5,52.0,47.088426106834774,436.67563390896225,Red River,0.28085769835699104,1.0039370078740157
111,111,12,12_12,425642.2896442226,3710799.0217643986,401.0,254.0,327.5,52.0,14.136726625268512,719.0272844999084,Red River,0.46245847603812684,1.0
112,112,12,12_17,425970.7648998878,3710619.7279061833,409.0,226.0,317.5,40.0,7.849745673907416,1063.8272596643094,Red River,0.6842242900620217,0.889763779527559
113,113,12,12_24,426456.91959113633,3710422.6647532913,491.0,248.0,369.5,24.0,1.146713070135127,1554.7931798327102,Red River,1.0,0.9763779527559056
114,114,13,13_2,430496.34454257396,3710604.5960595408,251.0,202.0,226.5,58.0,13.242520062866507,0.0,Red River,0.0,0.7292418772563177
115,115,13,13_5,430648.73676550935,3710440.8424963537,207.0,325.0,266.0,38.0,1.5577979122571528,223.69313594220299,Red River,0.17388170667384856,1.1732851985559567
116,116,13,13_16,430538.01825325843,3709699.013958746,366.0,277.0,321.5,50.0,13.375291910123412,906.5404786560088,Red River,0.7046743072096877,1.0
117,117,13,13_17,430493.2027555165,3709638.9039403,353.0,277.0,315.0,48.0,12.72032468861176,965.6972299792653,Red River,0.7506581807784594,1.0
118,118,13,13_22,430269.12537068065,3709338.3537232564,333.0,248.0,290.5,54.0,11.722991560708294,1286.4673358755683,Red River,1.0,0.8953068592057761
119,119,14,14_0,429991.23521378107,3708984.812442942,431.0,297.0,364.0,38.0,13.358859123281436,0.0,Red River,0.0,1.3318385650224216
120,120,14,14_1,429950.7893868608,3708922.8938341937,471.0,266.0,368.5,48.0,12.218990068509248,73.95795443761571,Red River,0.04563081359139,1.1928251121076232
121,121,14,14_2,429919.8735401204,3708855.85366614,498.0,280.0,389.0,30.0,3.807181125332365,147.38675171764257,Red River,0.09093514611928798,1.2556053811659194
122,122,14,14_3,429895.919179548,3708785.0722897365,513.0,231.0,372.0,92.0,10.068525297454663,221.31713712342943,Red River,0.1365489500818714,1.0358744394618835
123,123,14,14_4,429876.6616031277,3708712.9774528695,518.0,275.0,396.5,130.0,8.358828605993272,294.99385431882547,Red River,0.18200624502645368,1.2331838565022422
124,124,14,14_9,429860.160595151,3708340.658208502,363.0,262.0,312.5,26.0,19.784197227908773,657.3547241756777,Red River,0.4055768052317017,1.1748878923766817
125,125,14,14_12,429892.8755512204,3708118.8911790038,299.0,189.0,244.0,22.0,19.7646266546522,871.4896778273179,Red River,0.5376944689472524,0.8475336322869955
126,126,14,14_15,429979.2828887013,3707915.3700033305,284.0,199.0,241.5,16.0,18.986121668204532,1069.509228439421,Red River,0.6598692001190491,0.8923766816143498
127,127,14,14_16,430027.2551670945,3707859.6318299114,274.0,223.0,248.5,24.0,19.07695108383501,1125.7570115157175,Red River,0.6945731359431316,1.0
128,128,14,14_22,430427.1300414082,3707667.9212671933,299.0,107.0,203.0,32.0,14.527700296833089,1387.1577666282499,Red River,0.8558530039423186,0.4798206278026906
129,129,14,14_23,430499.74959444406,3707649.26614195,389.0,134.0,261.5,50.0,19.89810375986012,1429.080402718554,Red River,0.8817185650877388,0.600896860986547
130,130,14,14_24,430572.3691550821,3707630.611024424,253.0,133.0,193.0,32.0,15.661800139849026,1473.627544411569,Red River,0.9092034020343559,0.5964125560538116
131,131,14,14_27,430790.22769342427,3707574.645646226,298.0,213.0,255.5,34.0,1.6878416214518968,1620.7897387034693,Red River,1.0,0.9551569506726457
132,132,15,15_0,431484.6624671315,3707298.1388552473,356.0,251.0,303.5,28.0,13.569590114990255,0.0,Red River,0.0,0.984313725490196
133,133,15,15_1,431552.37694805255,3707266.223739977,375.0,258.0,316.5,26.0,14.464207214485233,74.85870362972392,Red River,0.07879413754462122,1.011764705882353
134,134,15,15_2,431617.2438101333,3707229.706589735,388.0,204.0,296.0,30.0,15.264022404419071,149.2004942193257,Red River,0.15704418715815222,0.8
135,135,15,15_3,431678.2144494765,3707186.8926712745,391.0,276.0,333.5,30.0,15.244840655121706,223.24444745209465,Red River,0.23498074165992852,1.0823529411764705
136,136,15,15_4,431736.7126534588,3707140.082970376,394.0,271.0,332.5,28.0,13.261400052781438,297.5079144662184,Red River,0.3131483501105758,1.0627450980392157
137,137,15,15_5,431794.97212802275,3707092.887477245,142.0,249.0,195.5,46.0,20.600315695985977,372.04867129745975,Red River,0.3916078259183945,0.9764705882352941
138,138,15,15_7,431905.4772649691,3706993.1850386593,323.0,252.0,287.5,86.0,2.5471471932093426,519.6940680156854,Red River,0.5470151617759543,0.9882352941176471
139,139,15,15_8,431950.8946895157,3706934.64713633,310.0,255.0,282.5,72.0,3.521324009476935,591.1841632779493,Red River,0.6222635981773592,1.0
140,140,15,15_10,432030.88605718594,3706807.9940423407,471.0,261.0,366.0,68.0,4.1328435391842095,733.8951886688079,Red River,0.772477155433196,1.0235294117647058
141,141,15,15_12,432110.15976943256,3706680.707151357,364.0,279.0,321.5,100.0,5.521277713642235,878.902033308981,Red River,0.9251072265870404,1.0941176470588236
142,142,15,15_13,432145.1333280797,3706615.2177172494,353.0,245.0,299.0,76.0,5.677269227788547,950.0542294448155,Red River,1.0,0.9607843137254902
143,143,16,16_1,432834.42692447867,3703861.6422030604,331.0,260.0,295.5,24.0,14.8442925371524,0.0,Red River,0.0,1.0590631364562118
144,144,16,16_3,432775.09726105374,3703723.9250668525,366.0,249.0,307.5,40.0,17.251099767430524,149.95338798252996,Red River,0.2072894452531768,1.0142566191446027
145,145,16,16_4,432739.46562597493,3703659.974014607,395.0,238.0,316.5,42.0,17.130239124025298,222.9073943315784,Red River,0.3081380870114598,0.9694501018329938
146,146,16,16_7,432572.2002400342,3703517.773802197,313.0,259.0,286.0,40.0,15.604502877845617,432.44457580951445,Red River,0.5977937372961729,1.054989816700611
147,147,16,16_8,432510.36125613935,3703475.3775295033,307.0,212.0,259.5,38.0,15.011573636873024,504.20130447511383,Red River,0.6969873112353475,0.8635437881873728
148,148,16,16_9,432448.5222668817,3703432.9812549055,283.0,242.0,262.5,24.0,14.612333994440824,576.7777849641502,Red River,0.7973140766482976,0.9857433808553971
149,149,16,16_10,432386.6832823604,3703390.5849685036,246.0,241.0,243.5,24.0,14.570773876504159,649.8994439801669,Red River,0.89839447461295,0.9816700610997964
150,150,16,16_11,432324.84430257813,3703348.1886702864,224.0,257.0,240.5,18.0,11.647624148386624,723.4009806885325,Red River,1.0,1.0468431771894093
151,151,17,17_3,431409.3161878962,3701776.75795224,320.0,122.0,221.0,34.0,4.615001755266613,0.0,Red River,0.0,0.8531468531468531
152,152,17,17_7,431560.0385709165,3701517.4769485164,242.0,155.0,198.5,28.0,17.039748624779893,299.9064448042651,Red River,0.44684681141978577,1.083916083916084
153,153,17,17_9,431639.51873188396,3701390.8852853263,209.0,143.0,176.0,46.0,14.026928573443884,449.3227418342185,Red River,0.6694702230158969,1.0
154,154,17,17_10,431686.1969185696,3701332.7248204863,291.0,182.0,236.5,22.0,13.796992450091764,523.2861178295593,Red River,0.7796722520084087,1.2727272727272727
155,155,17,17_12,431787.56709687377,3701222.335536605,181.0,118.0,149.5,36.0,13.633019011099885,671.1616534788719,Red River,1.0,0.8251748251748252
156,156,18,18_0,433116.54349545314,3696806.4185134633,395.0,250.0,322.5,48.0,12.859846251132971,0.0,Red River,0.0,0.984251968503937
157,157,18,18_1,433175.1499541568,3696759.656833135,377.0,251.0,314.0,20.0,12.625640560371867,74.97580775761041,Red River,0.06806132186448122,0.9881889763779528
158,158,18,18_2,433233.7563815711,3696712.8951494517,315.0,278.0,296.5,32.0,9.193785185160447,149.95159314980597,Red River,0.13612262342615083,1.094488188976378
159,159,18,18_3,433292.3627975886,3696666.1334726014,302.0,260.0,281.0,32.0,7.706319072038765,224.9273653716351,Red River,0.20418391303206332,1.0236220472440944
160,160,18,18_4,433347.6978568382,3696616.530665826,378.0,263.0,320.5,24.0,12.785511757834845,299.1483469244779,Red River,0.2715600209480597,1.0354330708661417
161,161,18,18_7,433474.85575773736,3696433.983404142,413.0,219.0,316.0,28.0,13.30363865017882,516.8129138852364,Red River,0.4691509318496546,0.8622047244094488
162,162,18,18_9,433551.04034238827,3696304.8271710286,327.0,251.0,289.0,50.0,2.0945765825197284,663.6123754135896,Red River,0.6024121223514616,0.9881889763779528
163,163,18,18_10,433587.3430509109,3696239.3528921283,327.0,254.0,290.5,62.0,2.6220113665351734,737.0316413284843,Red River,0.6690604511649696,1.0
164,164,18,18_15,433736.4508588538,3695895.8034477364,0.0,259.0,129.5,38.0,1.5396213343234404,1101.5920012088043,Red River,1.0,1.0196850393700787
165,165,19,19_0,434069.6108029018,3689478.925863841,533.0,233.0,383.0,44.0,8.026873257793872,0.0,Red River,0.0,1.0519187358916477
166,166,19,19_1,434096.0746670068,3689410.168527978,418.0,246.0,332.0,44.0,17.007224756771844,73.6743329685149,Red River,0.05548502521102977,1.110609480812641
167,167,19,19_2,434133.4823608881,3689347.09229038,344.0,257.0,300.5,24.0,14.894708146567824,146.49118407299,Red River,0.11032427052929035,1.1602708803611739
168,168,19,19_4,434227.6116358058,3689230.966024459,360.0,236.0,298.0,38.0,17.48658115099884,294.02099439464,Red River,0.22143074296350146,1.0654627539503385
169,169,19,19_5,434277.4120218696,3689177.4456045185,365.0,210.0,287.5,40.0,17.405641907423092,366.1580169349204,Red River,0.2757580012232617,0.9480812641083521
170,170,19,19_8,434477.6810695224,3689134.334190303,370.0,235.0,302.5,30.0,18.063891096100065,534.1018292157336,Red River,0.4022385037670665,1.0609480812641083
171,171,19,19_9,434552.53124222334,3689138.6519481805,288.0,209.0,248.5,26.0,16.101146550123413,590.7609401386417,Red River,0.4449091608510686,0.9435665914221218
172,172,19,19_12,434777.08169386006,3689151.605171994,248.0,130.0,189.0,40.0,7.673608413264262,779.5215820390383,Red River,0.587067067854713,0.5869074492099323
173,173,19,19_13,434851.9318357434,3689155.922883467,221.0,130.0,175.5,18.0,11.309866990386586,846.3788299319965,Red River,0.63741806440145,0.5869074492099323
174,174,19,19_14,434926.78196984757,3689160.24059334,231.0,157.0,194.0,22.0,11.269146722300338,914.4958781086249,Red River,0.6887178316758458,0.708803611738149
175,175,19,19_15,435001.63209638325,3689164.5582816238,241.0,157.0,199.0,20.0,12.361069740741982,983.6110350397788,Red River,0.7407692866435914,0.708803611738149
176,176,19,19_20,435371.1507903482,3689216.038984998,387.0,240.0,313.5,18.0,14.85515722614157,1327.8237270020977,Red River,1.0,1.0835214446952597
177,177,20,20_2,438095.04962596967,3687996.498936456,277.0,184.0,230.5,24.0,17.10454478296626,0.0,Red River,0.0,1.1358024691358024
178,178,20,20_5,438085.4102752994,3687776.290456323,0.0,186.0,93.0,38.0,6.60044065907161,220.41935442225252,Red River,0.11114632536823751,1.1481481481481481
179,179,20,20_8,438026.6187066527,3687559.188105103,277.0,165.0,221.0,38.0,16.742451509368042,442.6325269761298,Red River,0.22319718243802,1.0185185185185186
180,180,20,20_9,438004.9914929293,3687487.911286229,269.0,148.0,208.5,42.0,16.76745591226172,516.4996275802208,Red River,0.2604446229782133,0.9135802469135802
181,181,20,20_10,437974.35168101365,3687421.4763532095,282.0,119.0,200.5,34.0,16.964683319150268,587.5533721801875,Red River,0.29627343046492216,0.7345679012345679
182,182,20,20_11,437932.2579893346,3687361.194854042,281.0,168.0,224.5,30.0,18.114963340243413,655.829546521347,Red River,0.3307016498384515,1.037037037037037
183,183,20,20_13,437833.69427427714,3687248.3553872136,288.0,186.0,237.0,26.0,18.033680580926628,792.4805298122633,Red River,0.39960782502688785,1.1481481481481481
184,184,20,20_14,437781.87211632216,3687195.2796214637,289.0,151.0,220.0,38.0,17.78955225569841,860.2514418854217,Red River,0.4337812662091702,0.9320987654320988
185,185,20,20_20,437380.64271521044,3687003.049239423,190.0,135.0,162.5,24.0,13.88780729736126,1223.6500866978138,Red River,0.6170248117705988,0.8333333333333334
186,186,20,20_21,437311.37452687294,3686974.361023232,218.0,110.0,164.0,40.0,6.2586099218219635,1287.987800638952,Red River,0.649467064883506,0.6790123456790124
187,187,20,20_24,437098.7384892729,3686905.3189618136,240.0,133.0,186.5,26.0,12.897763997225963,1477.6026590958118,Red River,0.7450802419020973,0.8209876543209876
188,188,20,20_25,437024.90290881705,3686892.723111082,242.0,159.0,200.5,72.0,11.775078313808525,1537.379285964666,Red River,0.775222569633689,0.9814814814814815
189,189,20,20_30,436654.84758010274,3686832.8350369385,275.0,184.0,229.5,28.0,11.921935426657734,1851.565716889313,Red River,0.9336508862820508,1.1358024691358024
190,190,20,20_32,436506.8246084819,3686808.892915402,289.0,184.0,236.5,24.0,9.804137348187083,1983.1456747848738,Red River,1.0,1.1358024691358024
191,191,21,21_1,435031.72686043096,3686075.1469440833,417.0,265.0,341.0,26.0,13.382259454643457,0.0,Red River,0.0,1.0433070866141732
192,192,21,21_3,435013.3971320147,3685927.383733767,320.0,261.0,290.5,34.0,14.687099891791165,148.89575301787795,Red River,0.08169766219548462,1.0275590551181102
193,193,21,21_4,435018.06301934656,3685854.0602055863,283.0,210.0,246.5,32.0,13.245130189595773,221.5085697945544,Red River,0.1215396137343659,0.8267716535433071
194,194,21,21_5,435032.81551297405,3685781.1436821762,280.0,191.0,235.5,18.0,11.123714702469229,294.00527746340026,Red River,0.16131785732673362,0.7519685039370079
195,195,21,21_6,435050.7950317996,3685708.357385373,242.0,185.0,213.5,46.0,11.06251394564523,367.28486973746567,Red River,0.20152566214377635,0.7283464566929134
196,196,21,21_7,435068.77454336226,3685635.571102465,0.0,218.0,109.0,24.0,1.9369452683645696,441.13427813417377,Red River,0.24204611956613292,0.8582677165354331
197,197,21,21_10,435128.3213943887,3685420.695555503,293.0,204.0,248.5,26.0,10.779184528051708,661.5414756499681,Red River,0.3629814209641301,0.8031496062992126
198,198,21,21_12,435216.6619703708,3685307.656346708,308.0,242.0,275.0,52.0,9.83729319977342,789.4572895019744,Red River,0.43316759308609065,0.952755905511811
199,199,21,21_13,435273.93697441794,3685259.275895141,380.0,254.0,317.0,40.0,10.265609292750092,851.0648082370952,Red River,0.4669710438381047,1.0
200,200,21,21_15,435388.4869748884,3685162.515023015,309.0,267.0,288.0,32.0,8.422033700650799,979.8850966417,Red River,0.5376534924150003,1.0511811023622046
201,201,21,21_16,435445.7619313198,3685114.134602042,317.0,277.0,297.0,30.0,8.997342377359052,1046.4080282001482,Red River,0.5741539827282659,1.0905511811023623
202,202,21,21_17,435503.0368653318,3685065.754177855,380.0,258.0,319.0,38.0,10.251853125370204,1114.004882051189,Red River,0.6112437238355009,1.015748031496063
203,203,21,21_19,435617.5867657568,3684968.9933507764,368.0,286.0,327.0,38.0,9.591794929748113,1251.721854348689,Red River,0.6868076969731036,1.125984251968504
204,204,21,21_20,435674.8616921768,3684920.6129474686,319.0,286.0,302.5,32.0,9.508359063969573,1321.579040823388,Red River,0.7251376607689928,1.125984251968504
205,205,21,21_22,435789.4114474104,3684823.8521607923,316.0,250.0,283.0,40.0,8.868023779934559,1462.8139211934447,Red River,0.8026318761030402,0.984251968503937
206,206,21,21_24,435903.9264448314,3684727.0507902983,274.0,254.0,264.0,32.0,9.131839986644037,1605.6448408282147,Red River,0.8810018227729816,1.0
207,207,21,21_27,436074.4394694787,3684580.377613165,310.0,289.0,299.5,36.0,8.70744452795735,1822.5215877242977,Red River,1.0,1.1377952755905512
208,208,22,22_0,435644.5865146378,3682061.148561147,405.0,231.0,318.0,36.0,8.995159238124177,0.0,Red River,0.0,1.0
209,209,22,22_1,435579.34862380405,3682024.2022321145,355.0,261.0,308.0,34.0,9.03882788740475,74.97341948595859,Red River,0.03579614178667914,1.12987012987013
210,210,22,22_7,435162.83781410096,3681874.9696146105,338.0,236.0,287.0,28.0,11.51470799953792,516.4730492507624,Red River,0.24659062674127183,1.0216450216450217
211,211,22,22_9,435014.6048718915,3681852.362788594,377.0,211.0,294.0,34.0,12.23317948785975,663.6779105996864,Red River,0.3168737500756877,0.9134199134199135
212,212,22,22_14,434649.5368374143,3681843.900794225,330.0,213.0,271.5,36.0,11.995886344318675,1018.4892990970835,Red River,0.4862788386692527,0.922077922077922
213,213,22,22_17,434440.5969821477,3681926.844772134,337.0,247.0,292.0,40.0,12.104412595609887,1211.4570987405878,Red River,0.5784115273429505,1.0692640692640694
214,214,22,22_22,434098.0041217517,3682072.706328252,327.0,283.0,305.0,52.0,12.729274151848813,1546.6255784661535,Red River,0.7384380874884303,1.225108225108225
215,215,22,22_28,433833.2209015346,3682428.2513893414,297.0,192.0,244.5,32.0,11.560509776141686,1848.1909724920376,Red River,0.8824208173214751,0.8311688311688312
216,216,22,22_30,433762.1643771308,3682559.6031942307,279.0,238.0,258.5,28.0,10.743079992262551,1947.2981602772102,Red River,0.9297396533884561,1.0303030303030303
217,217,22,22_31,433731.9643129031,3682628.1911382056,274.0,206.0,240.0,26.0,9.85608402281977,1994.9087625166317,Red River,0.9524713879151266,0.8917748917748918
218,218,22,22_33,433672.19329729205,3682765.7108864463,258.0,224.0,241.0,38.0,8.637152847475022,2094.4553167978156,Red River,1.0,0.9696969696969697
219,219,23,23_6,432841.9164569035,3683565.207465108,366.0,265.0,315.5,22.0,11.015522156811908,0.0,Red River,0.0,1.25
220,221,23,23_13,432435.29466522025,3683252.649269108,410.0,212.0,311.0,24.0,15.631566739846535,512.8683138568452,Red River,0.18081998605650468,1.0
221,223,23,23_18,432206.34881943726,3682956.0722232237,370.0,257.0,313.5,30.0,10.542743384103227,880.3362793272997,Red River,0.31037673697546747,1.2122641509433962
222,225,23,23_23,432060.3106099781,3682613.937111085,347.0,255.0,301.0,26.0,12.820480587278073,1231.1876324880018,Red River,0.4340750335407958,1.2028301886792452
223,227,23,23_25,432012.8537322175,3682472.238742317,535.0,240.0,387.5,48.0,4.134744694290824,1371.8329455378434,Red River,0.4836618043696205,1.1320754716981132
224,229,23,23_27,431995.0326667999,3682325.4283608086,321.0,209.0,265.0,36.0,11.68877306006076,1501.4207875867476,Red River,0.5293500856677236,0.9858490566037735
225,231,23,23_32,431995.94472896133,3681950.5601265063,275.0,182.0,228.5,22.0,12.26956590135581,1822.842338912287,Red River,0.6426724314993024,0.8584905660377359
226,233,23,23_40,432221.7405643419,3681417.945986062,239.0,199.0,219.0,30.0,11.666346811432483,2235.0279633844075,Red River,0.7879951134744344,0.9386792452830188
227,235,23,23_42,432303.8458428764,3681292.475036871,0.0,149.0,74.5,38.0,6.009237552925018,2335.5583221231977,Red River,0.823438710932626,0.7028301886792453
228,237,23,23_44,432396.4906739863,3681177.0506768683,205.0,211.0,208.0,30.0,9.03636685123342,2429.340851610339,Red River,0.8565032524845964,0.9952830188679245
229,239,23,23_46,432513.9847435801,3681085.313359357,234.0,201.0,217.5,34.0,8.727524207991697,2501.4823573917342,Red River,0.8819379025049682,0.9481132075471698
230,241,23,23_49,432696.079786524,3680953.287638801,232.0,254.0,243.0,30.0,8.858830339475391,2615.9880568309713,Red River,0.9223087314616045,1.1981132075471699
231,243,23,23_54,432999.5713100597,3680733.2448877464,369.0,243.0,306.0,46.0,11.664182866306774,2836.3474914580424,Red River,1.0,1.1462264150943395
232,245,24,24_6,432383.1662667106,3677877.322958794,420.0,114.0,267.0,40.0,11.438510139292152,0.0,Red River,0.0,0.7215189873417721
233,246,24,24_7,432339.24286704214,3677817.759512289,339.0,137.0,238.0,30.0,8.29609771948137,74.0072239581399,Red River,0.050952863201845236,0.8670886075949367
234,247,24,24_10,432223.31055233977,3677625.8614836163,341.0,236.0,288.5,42.0,11.394919593422117,297.971010193177,Red River,0.205148569402848,1.4936708860759493
235,248,24,24_11,432192.614280589,3677557.620808024,313.0,252.0,282.5,40.0,11.7098462936093,372.1821121734094,Red River,0.25624179956367305,1.5949367088607596
236,249,24,24_16,432060.9431042073,3677207.722415995,255.0,161.0,208.0,36.0,11.924026030162528,743.0966648899071,Red River,0.5116109034612479,1.018987341772152
237,250,24,24_18,432028.9499764128,3677061.4238357656,225.0,158.0,191.5,30.0,11.937467202150636,889.4720677294068,Red River,0.6123881719237776,1.0
238,251,24,24_20,432016.601716639,3676913.069586423,213.0,79.0,146.0,22.0,10.038841932676556,1031.578467930349,Red River,0.7102262961269066,0.5
239,252,24,24_22,432019.4551038445,3676763.178062128,248.0,157.0,202.5,74.0,6.29784329047087,1172.0088142844393,Red River,0.8069104824060044,0.9936708860759493
240,253,24,24_23,432021.59873222787,3676688.268695096,215.0,157.0,186.0,28.0,11.099782943550295,1242.8117814094683,Red River,0.8556572628587733,0.9936708860759493
241,254,24,24_24,432026.3846964143,3676613.568569557,243.0,166.0,204.5,40.0,11.221119529796514,1313.1520266973155,Red River,0.9040854662698772,1.0506329113924051
242,255,24,24_26,432044.6510622689,3676464.856845146,230.0,185.0,207.5,36.0,9.689177031402263,1452.4644800620304,Red River,1.0,1.1708860759493671
0,0,0,0_0,322900.3659328771,3340826.7297218544,243.0,194.0,218.5,38.0,5.2517506708954045,0.0,Trinity River,0.0,0.8660714285714286
1,1,0,0_1,322705.36841089197,3340805.562794225,219.0,165.0,192.0,72.0,5.162524459437172,196.142989692789,Trinity River,0.17433616783931083,0.7366071428571429
2,2,0,0_3,322276.7415330914,3340750.7937512817,312.0,223.0,267.5,114.0,5.24410427965686,628.2305815820431,Trinity River,0.5583850449308281,0.9955357142857143
3,3,0,0_4,322077.2446525776,3340805.03379214,297.0,263.0,280.0,122.0,4.832776107808367,823.407162616444,Trinity River,0.7318622476736345,1.1741071428571428
4,4,0,0_7,321857.64122008235,3341249.2710832474,302.0,250.0,276.0,38.0,4.9550646658088,1125.0848984679872,Trinity River,1.0,1.1160714285714286
5,5,0,0_8,321912.93983876397,3341352.9876654465,324.0,253.0,288.5,38.0,4.887202664765044,1118.9091627693774,Trinity River,0.9945108713955549,1.1294642857142858
6,6,0,0_9,322102.1176033152,3341509.6207436104,261.0,224.0,242.5,42.0,4.4056332398134055,1050.4953799247794,Trinity River,0.9337032088469276,1.0
7,7,1,1_0,325068.09537371673,3320674.618666328,229.0,74.0,151.5,44.0,4.45763524977382,0.0,Trinity River,0.0,0.4625
8,8,1,1_1,324958.87529186765,3320621.5960622467,236.0,104.0,170.0,58.0,4.505218599562026,121.41014299754339,Trinity River,0.13155966770998853,0.65
9,9,1,1_3,324722.65480118594,3320502.215662202,162.0,109.0,135.5,46.0,3.711048809271572,386.07251259591436,Trinity River,0.4183470195740283,0.68125
10,10,1,1_4,324585.81189456553,3320466.814246211,169.0,85.0,127.0,60.0,3.6660554029858954,525.1476280840224,Trinity River,0.5690483986236682,0.53125
11,11,1,1_5,324439.1264584891,3320450.3041781536,168.0,165.0,166.5,66.0,3.6198772775179635,667.7715821503314,Trinity River,0.7235952885390186,1.03125
12,12,1,1_8,324150.9944138248,3320571.7487877924,176.0,190.0,183.0,72.0,3.631948114362184,922.8523080886852,Trinity River,1.0,1.1875
13,13,1,1_9,324153.5345994922,3320634.6139054215,194.0,218.0,206.0,40.0,3.9506123515488087,915.4353011793589,Trinity River,0.9919629535037003,1.3625
14,14,1,1_10,324221.32131063077,3320748.9139545006,252.0,160.0,206.0,50.0,4.2062456748814245,850.0271194260522,Trinity River,0.9210868434479393,1.0
15,15,1,1_11,324318.9528303301,3320827.17771614,143.0,265.0,204.0,38.0,3.8587007471629415,764.5186812572622,Trinity River,0.8284301556775135,1.65625
16,16,2,2_0,324318.9528303301,3320827.17771614,143.0,265.0,204.0,38.0,3.8587007471629415,0.0,Trinity River,0.0,1.4324324324324325
17,17,2,2_6,324610.73503193964,3321345.65646925,190.0,185.0,187.5,38.0,3.7170642567170207,594.9429137341853,Trinity River,0.9128901088266148,1.0
18,18,2,2_7,324542.1548878457,3321439.477870197,212.0,151.0,181.5,42.0,4.188789048221695,651.7136158906316,Trinity River,1.0,0.8162162162162162
19,19,3,3_0,324542.1548878457,3321439.477870197,212.0,151.0,181.5,42.0,4.188789048221695,0.0,Trinity River,0.0,0.9041916167664671
20,20,3,3_1,324488.49720014085,3321505.8354620864,219.0,157.0,188.0,62.0,4.1959215068792926,85.33743288370543,Trinity River,0.13272263026305262,0.9401197604790419
21,21,3,3_2,324364.35449803504,3321666.4908196162,150.0,283.0,216.5,70.0,2.99743223722466,288.35370263068125,Trinity River,0.44846746106586616,1.6946107784431137
22,22,3,3_3,324316.5707510284,3321734.594778712,162.0,248.0,205.0,72.0,3.5183474175552005,371.4595435238695,Trinity River,0.5777193663651268,1.4850299401197604
23,23,3,3_4,324272.43829535984,3321830.6387795936,153.0,84.0,118.5,42.0,3.976980551189481,475.13566199786123,Trinity River,0.7389635785982727,0.5029940119760479
24,24,3,3_5,324260.84975443385,3321930.969005885,269.0,167.0,218.0,48.0,3.8920635152830334,566.3003748398573,Trinity River,0.8807491944376256,1.0
25,25,3,3_6,324282.757460224,3322027.8066822304,195.0,209.0,202.0,58.0,3.7309585912556433,642.975751117718,Trinity River,1.0,1.251497005988024
26,26,4,4_2,324351.01998108625,3322204.0195647865,188.0,409.0,298.5,62.0,3.543768454192485,0.0,Trinity River,0.0,1.6458752515090542
27,27,4,4_3,324359.7511088997,3322294.6660015425,202.0,274.0,238.0,84.0,4.088988146513138,91.06596010286427,Trinity River,0.340890614311546,1.1026156941649898
28,28,4,4_4,324342.9234380324,3322385.3124077837,200.0,223.0,211.5,84.0,4.11981266622796,181.47354884788103,Trinity River,0.6793167224962335,0.89738430583501
29,29,4,4_5,324303.5533332919,3322466.9100148813,218.0,197.0,207.5,56.0,4.230134231233448,267.14129483083235,Trinity River,1.0,0.7927565392354124
30,30,5,5_0,324303.5533332919,3322466.9100148813,218.0,197.0,207.5,30.0,3.2188948742377264,0.0,Trinity River,0.0,1.7356828193832599
31,31,5,5_3,324093.20901054057,3322658.521501467,182.0,171.0,176.5,58.0,4.137199933117309,284.53417352814034,Trinity River,0.27015534437980654,1.5066079295154184
32,32,5,5_4,324013.83384122624,3322736.4679569392,192.0,118.0,155.0,70.0,4.018675968805771,395.7257487317544,Trinity River,0.3757278944843888,1.039647577092511
33,33,5,5_5,323941.28499386355,3322819.018156741,191.0,115.0,153.0,72.0,4.070106564542467,505.19154121575025,Trinity River,0.47966187366034746,1.013215859030837
34,34,5,5_6,323882.7061898566,3322900.457116586,192.0,95.0,143.5,58.0,4.16246175089794,604.2147031762526,Trinity River,0.5736809367813231,0.8370044052863436
35,35,5,5_7,323843.3362337293,3322985.5473484183,197.0,57.0,127.0,60.0,4.148360851060524,693.3862289288325,Trinity River,0.6583462124838865,0.5022026431718062
36,36,5,5_8,323827.1437703947,3323076.6700621927,196.0,112.0,154.0,72.0,4.224495104824922,773.8044888194718,Trinity River,0.7347005653751106,0.986784140969163
37,37,5,5_9,323824.76256228995,3323169.856506855,182.0,110.0,146.0,54.0,4.175317261047674,850.5141815249823,Trinity River,0.8075337621513031,0.9691629955947136
38,38,5,5_10,323834.2876779316,3323261.772931704,147.0,142.0,144.5,38.0,3.302373856394121,923.0478383271245,Trinity River,0.8764019574528824,1.251101321585903
39,39,5,5_12,323893.50170675124,3323437.033249368,149.0,60.0,104.5,40.0,4.338941657546425,1053.2243001941833,Trinity River,1.0,0.5286343612334802
40,40,6,6_0,324052.0926274236,3324712.591963247,199.0,120.0,159.5,44.0,4.436285780821629,0.0,Trinity River,0.0,0.96
41,41,6,6_1,323975.57485142373,3324819.1132350913,234.0,206.0,220.0,52.0,4.357769709947816,131.1554474633451,Trinity River,0.11444874224701522,1.648
42,42,6,6_2,323870.48218059423,3324903.727054982,210.0,100.0,155.0,68.0,4.2416448283414505,263.65693180745643,Trinity River,0.2300720619210553,0.8
43,43,6,6_3,323729.5121314523,3324983.2610569927,178.0,149.0,163.5,52.0,3.4977252941964503,421.09373622771,Trinity River,0.3674544169644711,1.192
44,44,6,6_5,323555.6804906372,3325067.874983155,194.0,206.0,200.0,66.0,3.924462549886052,610.451499944051,Trinity River,0.5326916092518862,1.648
45,45,6,6_6,323463.4465179944,3325131.057689235,180.0,238.0,209.0,40.0,4.217638641666792,722.2311305758765,Trinity River,0.6302326445811562,1.904
46,46,6,6_7,323388.51637574163,3325212.49668759,197.0,125.0,161.0,58.0,4.416682286616494,830.8057385556112,Trinity River,0.724976916081707,1.0
47,47,6,6_8,323342.00264967035,3325311.0807412607,213.0,110.0,161.5,88.0,4.441438689909663,928.6638756374455,Trinity River,0.810369790905164,0.88
48,48,6,6_10,323365.3394077828,3325526.5049363635,227.0,130.0,178.5,46.0,4.541431207831817,1064.9339474795963,Trinity River,0.9292816518296084,1.04
49,49,6,6_11,323400.10579348466,3325585.877512309,205.0,98.0,151.5,38.0,4.745106811931432,1089.823142454745,Trinity River,0.9510004375570759,0.784
50,50,6,6_13,323580.4462644461,3325757.0101800323,197.0,100.0,148.5,38.0,4.707221391027472,1145.9754374606557,Trinity River,1.0,0.8
51,51,7,7_0,324081.14464286657,3326100.3871063367,171.0,87.0,129.0,38.0,4.84293175243955,0.0,Trinity River,0.0,0.7909090909090909
52,52,7,7_1,324179.0934392229,3326134.9946578736,178.0,84.0,131.0,44.0,4.753498949952723,103.8828635100085,Trinity River,0.13296507289464457,0.7636363636363637
53,53,7,7_2,324252.7535665175,3326149.12334568,146.0,153.0,149.5,30.0,3.924428710416585,178.39518968281917,Trinity River,0.2283372694856903,1.3909090909090909
54,54,7,7_7,324709.3195600201,3326432.4930129964,226.0,145.0,185.5,74.0,4.831448019289277,710.5617916685034,Trinity River,0.9094849451878001,1.3181818181818181
55,55,7,7_8,324738.3707785332,3326522.82195731,200.0,110.0,155.0,40.0,4.907784913599087,781.2793333503492,Trinity River,1.0,1.0
56,56,8,8_0,324493.26014011464,3326870.643884888,274.0,239.0,256.5,54.0,4.2888772481738515,0.0,Trinity River,0.0,1.2447916666666667
57,57,8,8_1,324511.3579181462,3327025.107953429,199.0,192.0,195.5,104.0,3.9210975869446223,155.5206675654766,Trinity River,0.4088915505659911,1.0
58,58,8,8_3,324503.5787398941,3327250.8508730563,243.0,167.0,205.0,86.0,4.616675827113865,380.34698283738953,Trinity River,1.0,0.8697916666666666
59,59,9,9_1,324222.59053213923,3327466.592083635,170.0,143.0,156.5,62.0,3.9037277763328526,0.0,Trinity River,0.0,1.0
60,60,9,9_2,324098.9240932318,3327514.852243895,187.0,172.0,179.5,68.0,4.134048502636007,132.74950538666715,Trinity River,0.3084012673160203,1.2027972027972027
61,61,9,9_3,323966.208789822,3327592.163877791,206.0,116.0,161.0,40.0,4.655773609528106,285.48182653396935,Trinity River,0.6632262534035107,0.8111888111888111
62,62,9,9_4,323918.266233168,3327649.155355385,176.0,154.0,165.0,38.0,4.9912686624461164,354.8839629181215,Trinity River,0.824460050493511,1.0769230769230769
63,63,9,9_5,323892.86646755424,3327743.2943837508,192.0,87.0,139.5,40.0,4.946342766355405,430.4440981775801,Trinity River,1.0,0.6083916083916084
64,64,10,10_0,324236.5612529649,3328285.1091123717,165.0,277.0,221.0,60.0,3.1638784843944436,0.0,Trinity River,0.0,1.4427083333333333
65,65,10,10_1,324304.18884476577,3328364.3255273513,197.0,192.0,194.5,36.0,3.943342468614784,104.15724446727387,Trinity River,0.1317433164751571,1.0
66,66,10,10_3,324457.0654077497,3328490.690703526,200.0,227.0,213.5,72.0,4.287915058919968,301.47283940505304,Trinity River,0.38131799562807345,1.1822916666666667
67,67,10,10_7,324733.449604162,3328782.79145037,227.0,166.0,196.5,80.0,5.021780072048863,703.2679028015997,Trinity River,0.8895285811321746,0.8645833333333334
68,68,10,10_8,324749.64189094666,3328886.614193488,186.0,111.0,148.5,38.0,5.061973281516948,790.6074270334226,Trinity River,1.0,0.578125
69,69,11,11_0,324470.71729802573,3329670.840669596,153.0,108.0,130.5,38.0,5.0583715047044615,0.0,Trinity River,0.0,1.1868131868131868
70,70,11,11_1,324423.09222439193,3329771.488369345,182.0,91.0,136.5,60.0,5.0614527440947015,111.34678757561447,Trinity River,0.33896349227272876,1.0
71,71,11,11_3,324370.70492697746,3329983.737624415,195.0,84.0,139.5,80.0,4.963284040025453,328.4919766109362,Trinity River,1.0,0.9230769230769231
72,72,12,12_0,324390.0727024855,3330096.4503317387,201.0,153.0,177.0,42.0,4.965681354284516,0.0,Trinity River,0.0,1.0268456375838926
73,73,12,12_3,324537.2342376531,3330422.682235306,347.0,149.0,248.0,92.0,5.157188874956769,357.8879326522808,Trinity River,0.7441117969117156,1.0
74,74,12,12_4,324556.2840487767,3330547.777497085,277.0,138.0,207.5,50.0,4.906784855468037,480.95989626507975,Trinity River,1.0,0.9261744966442953
75,75,13,13_0,324556.2840487767,3330547.777497085,277.0,138.0,207.5,46.0,4.689618106477393,0.0,Trinity River,0.0,1.0036363636363637
76,76,13,13_1,324551.6949654745,3330685.219334755,270.0,83.0,176.5,62.0,5.271056878408359,137.51842941125722,Trinity River,0.17396485919098134,0.6036363636363636
77,77,13,13_2,324538.8808455821,3330835.9773204112,208.0,137.0,172.5,60.0,5.391039020518223,288.7247991545221,Trinity River,0.36524536562042176,0.9963636363636363
78,78,13,13_3,324539.78718300554,3330995.801094525,208.0,112.0,160.0,60.0,5.407530804617713,448.3272135879618,Trinity River,0.567147115606385,0.8145454545454546
79,79,13,13_5,324672.00353783346,3331254.4389069187,151.0,151.0,151.0,38.0,4.17663999014578,716.0735634667956,Trinity River,0.9058541256775576,1.0981818181818181
80,80,13,13_6,324804.294983358,3331298.359691535,167.0,142.0,154.5,42.0,5.037559799813017,790.4954486255602,Trinity River,1.0,1.0327272727272727
81,81,14,14_0,324672.00353783346,3331254.4389069187,151.0,151.0,151.0,38.0,4.17663999014578,0.0,Trinity River,0.0,1.0633802816901408
82,82,14,14_1,324804.294983358,3331298.359691535,167.0,142.0,154.5,42.0,5.037559799813017,139.39175685919415,Trinity River,0.2141012704027037,1.0
83,83,14,14_2,324945.58257753466,3331297.0368046,277.0,137.0,207.0,88.0,4.909320603098913,276.87555300298317,Trinity River,0.42527197430527114,0.9647887323943662
84,84,14,14_3,325085.54773550085,3331297.3013459537,199.0,114.0,156.5,62.0,4.68508864893929,415.75953639621076,Trinity River,0.6385933209406746,0.8028169014084507
85,85,14,14_5,325298.00862944336,3331433.2979807225,248.0,152.0,200.0,50.0,5.226776450720503,651.0552534182156,Trinity River,1.0,1.0704225352112675
86,86,15,15_0,325298.00862944336,3331433.2979807225,248.0,152.0,200.0,50.0,5.226776897967049,0.0,Trinity River,1.0,1.0
87,87,16,16_1,325343.51741488697,3332227.578711682,219.0,173.0,196.0,72.0,4.624560112443895,0.0,Trinity River,0.0,1.130718954248366
88,88,16,16_3,325377.3832456561,3332511.4772185767,256.0,133.0,194.5,48.0,4.7542862701898025,285.9112741931091,Trinity River,1.0,0.869281045751634
89,89,17,17_0,325274.1953705525,3332630.539697607,284.0,144.0,214.0,52.0,2.8250446998711376,0.0,Trinity River,0.0,0.9260450160771704
90,90,17,17_4,325356.48104507034,3332547.1959704133,267.0,167.0,217.0,52.0,4.841176987072297,117.12006272799235,Trinity River,1.0,1.0739549839228295
91,91,18,18_0,325008.0247557994,3333213.418246055,161.0,112.0,136.5,38.0,4.527819153597664,0.0,Trinity River,0.0,0.8175182481751825
92,92,18,18_1,325042.1559788929,3333342.7997581656,278.0,164.0,221.0,42.0,3.2064077123412718,133.80775786881455,Trinity River,0.6055061475698268,1.197080291970803
93,93,18,18_2,325047.18276729865,3333430.9061931027,223.0,137.0,180.0,70.0,5.010336317334497,220.9849700219334,Trinity River,1.0,1.0
94,94,19,19_1,324007.6324752114,3334113.53233396,196.0,165.0,180.5,58.0,5.3630347187672935,0.0,Trinity River,0.0,1.0576923076923077
95,95,19,19_2,323938.5761587739,3334206.1368671767,235.0,167.0,201.0,120.0,5.659807705408841,115.5178532186162,Trinity River,0.2789539479631926,1.0705128205128205
96,96,19,19_4,323962.6541258613,3334435.53100059,371.0,147.0,259.0,38.0,5.630444929433151,325.12488865332836,Trinity River,0.7851156227713162,0.9423076923076923
97,97,19,19_5,324068.75227469904,3334523.107914836,209.0,136.0,172.5,38.0,6.034186513311792,414.1108382300384,Trinity River,1.0,0.8717948717948718
98,98,20,20_0,324640.2527827106,3334478.1288362783,221.0,107.0,164.0,42.0,5.837939069414233,0.0,Trinity River,0.0,0.9067796610169492
99,99,20,20_1,324761.43167488696,3334358.5366519946,238.0,118.0,178.0,56.0,5.721780530178593,170.25455779759483,Trinity River,0.1789641593874756,1.0
100,100,20,20_2,324899.54460825666,3334290.803195845,281.0,140.0,210.5,66.0,5.680123542897045,319.87989364575816,Trinity River,0.33624378114638015,1.1864406779661016
101,101,20,20_3,325043.2139825069,3334250.586363142,232.0,85.0,158.5,60.0,5.58438604011354,462.76701008425266,Trinity River,0.4864404807913676,0.7203389830508474
102,102,20,20_4,325194.0271563567,3334250.3217718657,214.0,83.0,148.5,66.0,5.58997032338242,598.800564047379,Trinity River,0.6294330147266067,0.7033898305084746
103,103,20,20_5,325379.23614966427,3334307.2075420436,226.0,100.0,163.0,80.0,5.803589449502247,758.492258007326,Trinity River,0.7972939527267503,0.847457627118644
104,104,20,20_7,325544.0718934509,3334475.747775768,323.0,168.0,245.5,98.0,5.847576683985442,903.8222471197457,Trinity River,0.95005849349291,1.423728813559322
105,105,20,20_8,325580.5839628178,3334621.0044117863,281.0,202.0,241.5,60.0,5.37652789338416,951.1236293766099,Trinity River,0.9997796417721189,1.7118644067796611
106,106,20,20_9,325551.47928264283,3334751.4441194977,345.0,266.0,305.5,92.0,5.528430533047148,951.3332634886766,Trinity River,1.0,2.2542372881355934
107,107,21,21_0,325326.3192403484,3334810.9751223545,263.0,92.0,177.5,68.0,5.558642146185106,0.0,Trinity River,0.0,0.4380952380952381
108,108,21,21_1,325203.5523806469,3334757.7939636037,172.0,214.0,193.0,84.0,3.854614915826062,133.7906479804932,Trinity River,0.15776525933223148,1.019047619047619
109,109,21,21_3,324985.53510502365,3334651.9603408417,221.0,204.0,212.5,82.0,5.107967265751038,376.05787803023895,Trinity River,0.4434455587659575,0.9714285714285714
110,110,21,21_4,324858.2700500983,3334631.05810117,349.0,219.0,284.0,90.0,5.408245767818941,501.4381108427926,Trinity River,0.5912932988239331,1.042857142857143
111,111,21,21_7,324530.9792913177,3334831.08390235,326.0,199.0,262.5,104.0,5.314364578537013,795.5941160900476,Trinity River,0.93816058104782,0.9476190476190476
112,112,21,21_8,324499.75877489854,3334963.3759629037,363.0,224.0,293.5,92.0,5.312066175587933,840.4928430658025,Trinity River,0.9911049341243504,1.0666666666666667
113,113,21,21_9,324526.7467596921,3335093.551151155,404.0,210.0,307.0,102.0,5.072161197033879,848.0361807585844,Trinity River,1.0,1.0
114,114,22,22_0,324957.22458757204,3335270.821233825,212.0,110.0,161.0,40.0,5.941612819830509,0.0,Trinity River,0.0,0.9821428571428571
115,115,22,22_1,325192.1751115159,3335295.163340973,209.0,112.0,160.5,38.0,5.7991348239482745,236.20814313211872,Trinity River,0.1753595647270619,1.0
116,116,22,22_2,325338.2253565305,3335322.680377988,222.0,113.0,167.5,40.0,5.769487656635448,384.5139227392172,Trinity River,0.2854609211560057,1.0089285714285714
117,117,22,22_3,325426.59639477194,3335344.9054325814,228.0,113.0,170.5,68.0,5.783723467743418,475.18245116956024,Trinity River,0.3527727143446725,1.0089285714285714
118,118,22,22_4,325518.9363119296,3335375.0679405765,217.0,115.0,166.0,90.0,5.691191008842125,571.3032794841191,Trinity River,0.4241322635580871,1.0267857142857142
119,119,22,22_5,325700.705891456,3335467.1430114037,231.0,168.0,199.5,90.0,5.639007121227671,768.9646868203507,Trinity River,0.5708749536880907,1.5
120,120,22,22_7,325978.3201864189,3335753.7760308683,331.0,92.0,211.5,56.0,5.855796750894365,1129.549272042481,Trinity River,0.8385708725221561,0.8214285714285714
121,121,22,22_9,326023.7782316223,3336002.3085874286,196.0,111.0,153.5,42.0,5.521977288473891,1293.294407364083,Trinity River,0.960134317691399,0.9910714285714286
122,122,22,22_10,326005.78629265825,3336116.344184729,193.0,112.0,152.5,42.0,5.4866131211296345,1346.9932107767515,Trinity River,1.0,1.0
123,123,23,23_0,325831.953840967,3336543.1174954674,196.0,113.0,154.5,38.0,5.6615235476107975,0.0,Trinity River,0.0,0.904
124,124,23,23_1,325711.83296269376,3336705.571961384,193.0,109.0,151.0,48.0,4.904938432351949,202.04078522245106,Trinity River,0.2782513204635776,0.872
125,125,23,23_3,325540.1187275583,3337019.368885092,265.0,180.0,222.5,52.0,5.4089149913514,558.5544911085896,Trinity River,0.7692433214942599,1.44
126,126,23,23_4,325532.4463946811,3337204.57766414,219.0,137.0,178.0,38.0,5.274507118877119,726.108989836394,Trinity River,1.0,1.096
127,127,24,24_0,325699.66355866985,3337964.4625023818,217.0,113.0,165.0,52.0,5.378062656806726,0.0,Trinity River,0.0,0.6666666666666666
128,128,24,24_1,325733.2656417694,3338160.519131996,201.0,137.0,169.0,70.0,5.228659557032773,198.91531364980847,Trinity River,0.2507070980710676,0.8082595870206489
129,129,24,24_4,325662.0915409585,3338667.196817796,289.0,235.0,262.0,92.0,4.954902850727693,703.738001372609,Trinity River,0.8869709872467112,1.3864306784660767
130,130,24,24_5,325527.15434559225,3338738.8986589457,281.0,202.0,241.5,122.0,5.263171156931799,793.4171596267378,Trinity River,1.0,1.191740412979351
131,131,25,25_0,325364.17158023315,3338724.346515893,219.0,164.0,191.5,64.0,5.011866640357611,0.0,Trinity River,0.0,1.0
132,132,25,25_4,324630.7443476408,3338543.63550566,239.0,138.0,188.5,50.0,5.358687637416843,755.3621480637887,Trinity River,0.48748829570982555,0.8414634146341463
133,133,25,25_5,324492.1020656816,3338563.2145889117,221.0,164.0,192.5,44.0,5.353303506239391,886.8307257322961,Trinity River,0.5723342110516191,1.0
134,134,25,25_6,324237.5714162221,3338669.31272383,249.0,166.0,207.5,58.0,5.1931547213677245,1127.943548152389,Trinity River,0.7279412654647175,1.0121951219512195
135,135,25,25_8,323941.5025204442,3338954.270401245,250.0,203.0,226.5,62.0,5.131548948531164,1441.1288099042542,Trinity River,0.9300617316334292,1.2378048780487805
136,136,25,25_9,323867.4193776633,3339125.1918130964,208.0,119.0,163.5,42.0,5.372940940129482,1549.4980181296771,Trinity River,1.0,0.725609756097561
0,0,0,0_1,554361.0001069403,4371464.999765629,44.500800000000005,44.805600000000005,146.5,19.5072,2.614422238772145,0.0,White River,0.0,1.2301255230125523
1,1,0,0_4,554264.9998921978,4371461.999777138,40.8432,28.041600000000003,113.0,15.8496,2.3392841986851214,96.04707783972343,White River,0.02405253220907475,0.7698744769874476
2,2,0,0_5,554358.000096645,4371461.999775618,46.3296,44.805600000000005,149.5,19.5072,2.5554228843464335,4.242640903475402,White River,0.0010624608189815797,1.2301255230125523
3,3,0,0_6,550367.999938535,4371422.999984667,0.3048,14.630400000000002,24.5,22.250400000000003,3.134718559594088,3993.2210465343833,White River,1.0,0.40167364016736395
4,4,1,1_0,519302.9999657702,4346645.999991208,47.5488,22.250400000000003,114.5,38.1,1.598724983920058,0.0,White River,0.0,0.8156424581005587
5,5,1,1_1,519314.9998864092,4346567.999971951,63.3984,32.308800000000005,157.0,46.3296,1.7874121776902112,78.91768559345478,White River,1.0,1.1843575418994414
6,6,2,2_0,521928.0001057878,4348004.99997151,62.484,21.640800000000002,138.0,18.5928,4.797229894668951,0.0,White River,0.0,1.2033898305084745
7,7,2,2_5,519960.0001016704,4347920.9996535415,92.6592,14.325600000000001,175.5,16.764,0.896236644192767,1969.7918848510424,White River,1.0,0.7966101694915253
8,8,4,4_0,523896.00019481534,4353392.999895734,26.2128,38.7096,106.5,15.8496,0.7261784754596023,0.0,White River,0.0,1.2893401015228425
9,9,4,4_2,529400.9998693769,4353437.999814887,46.6344,21.336000000000002,111.5,14.9352,2.1885319929338793,5505.18359454492,White River,0.9983679037175207,0.7106598984771574
10,10,4,4_3,529409.9998480477,4353437.999757827,47.5488,21.336000000000002,113.0,16.764,2.3685048350965627,5514.183272564983,White River,1.0,0.7106598984771574
11,11,4,4_7,523869.00002901064,4353326.999984896,159.7152,50.9016,345.5,29.5656,2.352056148748352,71.30916619973335,White River,0.012931954321235884,1.695431472081218
12,12,5,5_2,526139.9999970982,4353929.99965342,0.3048,28.651200000000003,47.5,16.764,3.8002350287633337,0.0,White River,0.0,1.0
13,13,5,5_4,526319.9999970789,4353929.99965342,145.9992,28.651200000000003,286.5,18.5928,4.958972887138257,179.99999998067506,White River,0.06060232594597206,1.0
14,14,5,5_6,526689.0001181213,4353926.999824909,42.062400000000004,14.630400000000002,93.0,18.5928,2.944044922901947,549.0083167443034,White River,0.18483989423310984,0.5106382978723404
15,15,5,5_8,529020.0000200729,4353914.999653121,37.4904,28.651200000000003,108.5,17.6784,2.011310064979311,2880.03908521102,White River,0.9696503744324215,1.0
16,16,5,5_14,529109.9996973904,4353896.999654192,163.6776,23.4696,307.0,11.277600000000001,0.4528718945286482,2970.1830279773076,White River,1.0,0.8191489361702127
17,17,5,5_22,524237.99989826203,4353794.999972377,104.8512,37.4904,233.5,24.0792,3.2731941649809624,1906.7850665071685,White River,0.6419756117876977,1.3085106382978722
18,18,5,5_26,527843.9998446893,4353713.99986384,0.9144000000000001,15.5448,27.0,14.020800000000001,3.1354920997255693,1717.635406507794,White River,0.5782927820705724,0.5425531914893617
19,19,5,5_29,527927.9998829307,4353674.99979006,54.254400000000004,22.555200000000003,126.0,14.9352,4.7598546863863636,1806.0920580220775,White River,0.6080743311135357,0.7872340425531915
20,20,5,5_30,528029.9999968887,4353659.99965345,26.822400000000002,28.651200000000003,91.0,12.192,2.7539432222794065,1909.188308992022,White River,0.6427847344788641,1.0
21,21,6,6_4,524327.9997615975,4354352.999812743,103.0224,32.9184,223.0,33.528,3.236357894237451,0.0,White River,0.0,0.8275862068965518
22,22,6,6_7,524390.9998423887,4354313.9998608325,160.02,46.6344,339.0,11.277600000000001,0.7113360549137476,74.0945775930734,White River,0.06533249999819996,1.1724137931034484
23,23,6,6_12,524489.9998603795,4354259.999826918,0.3048,25.908,43.0,17.6784,0.872112690507378,186.79675952410975,White River,0.16470704993145838,0.6513409961685824
24,24,6,6_13,525458.9998401633,4354268.999929474,184.0992,20.4216,335.5,10.972800000000001,1.4303550663860314,1134.1151432306258,White River,1.0,0.5134099616858239
25,25,6,6_22,524669.9998493525,4354139.999861365,93.5736,71.0184,270.0,16.4592,2.975000477533641,402.90574494697,White River,0.35525999926185436,1.7854406130268201
26,26,6,6_24,524669.9998494121,4354136.999861304,94.1832,71.0184,271.0,16.764,2.969854360549367,404.4997392914628,White River,0.35666549530342223,1.7854406130268201
27,27,7,7_3,525251.999842494,4354511.999870614,2.7432000000000003,31.3944,56.0,32.6136,0.6693442243831921,0.0,White River,0.0,1.0
28,28,7,7_4,529731.0000391866,4354499.999983485,153.924,57.302400000000006,346.5,12.192,3.270821530736343,4479.016271377329,White River,1.0,1.825242718446602
29,29,7,7_8,524199.0000405108,4354403.999813968,51.816,28.651200000000003,132.0,16.764,3.200590359035513,1058.523781127401,White River,0.23632952349197373,0.912621359223301
30,30,10,10_12,534896.999652928,4357253.999855435,0.3048,74.9808,123.5,9.4488,0.7354302463237224,0.0,White River,1.0,1.0
31,31,12,12_2,540446.9998461604,4359518.999969512,58.8264,46.6344,173.0,28.041600000000003,2.4710929720255272,0.0,White River,0.0,1.6105263157894736
32,32,12,12_3,543228.0001567618,4359551.999868364,231.95280000000002,17.0688,408.5,17.6784,1.0364922834650994,2781.196095367873,White River,1.0,0.5894736842105263
33,33,12,12_4,543144.0001695184,4359488.9999072235,92.3544,28.651200000000003,198.5,17.6784,2.701162501797973,2697.1671709277566,White River,0.9697867674343179,0.9894736842105263
34,34,12,12_6,543144.0001671456,4359485.9999072775,92.6592,28.651200000000003,199.0,15.5448,0.48941522494431583,2697.2022051566405,White River,0.9697993642551398,0.9894736842105263
35,35,12,12_13,540560.9997894168,4359338.999815034,47.244,51.816,162.5,22.250400000000003,2.089198237665798,213.06347100038633,White River,0.07660857548133589,1.789473684210526
36,36,12,12_15,541028.99986296,4359320.999329079,48.1584,28.651200000000003,126.0,16.764,2.1768857455360067,614.7587113385717,White River,0.22104112412729987,0.9894736842105263
37,37,12,12_16,543018.0001741325,4359335.999947793,43.891200000000005,20.7264,106.0,13.1064,2.0215038738385562,2577.5049358598726,White River,0.9267613096943249,0.7157894736842105
38,38,12,12_17,539828.999836907,4359281.999929809,73.7616,56.997600000000006,214.5,16.764,2.467335523269948,661.885964692191,White River,0.23798608296429466,1.9684210526315788
39,39,12,12_18,540659.9999609885,4359308.999652951,49.9872,64.00800000000001,187.0,14.630400000000002,2.2620100746996163,299.1139947789043,White River,0.1075486893128764,2.210526315789474
40,40,12,12_20,541169.9999145941,4359305.999653353,91.7448,21.640800000000002,186.0,19.5072,0.6168826864211053,753.7229156917757,White River,0.27100675027809557,0.7473684210526316
41,41,12,12_21,541259.9998914978,4359290.999653505,176.78400000000002,28.956000000000003,337.5,13.716000000000001,0.7179222986487792,844.365571194064,White River,0.30359799965215273,1.0
42,42,12,12_22,539828.9998403471,4359278.999929803,74.9808,56.997600000000006,216.5,16.764,2.388010740648983,662.9660822738098,White River,0.23837444737463512,1.9684210526315788
43,43,12,12_24,539843.999831575,4359260.999909894,48.1584,39.3192,143.5,16.764,2.2358903802219463,655.8757872899814,White River,0.23582507841944447,1.3578947368421053
44,44,14,14_3,545484.0001672845,4361585.999907143,254.8128,40.8432,485.0,13.716000000000001,1.0480596121515091,0.0,White River,0.0,1.170305676855895
45,45,14,14_8,544890.0001525114,4361489.999939142,42.062400000000004,28.956000000000003,116.5,18.5928,2.7060615463869886,601.7075796487527,White River,1.0,0.8296943231441047
